"","Fo","Fm","FvFm","sample_id","temp","colony","leachate","species","days_of_exposure","treatment"
"1",226,665,0.66,"A7.2C","ambient",7,"control","Montipora capitata x Symbiodinium spp.","0","ambient_control"
"2",211,624,0.662,"A8.2H","ambient",8,"high","Montipora capitata x Symbiodinium spp.","0","ambient_high"
"3",267,721,0.63,"A9.2C","ambient",9,"control","Montipora capitata x Symbiodinium spp.","0","ambient_control"
"4",210,608,0.655,"A7.2L","ambient",7,"low","Montipora capitata x Symbiodinium spp.","0","ambient_low"
"5",416,1110,0.625,"A3.2H","ambient",3,"high","Montipora capitata x Symbiodinium spp.","0","ambient_high"
"6",230,632,0.636,"A4.2C","ambient",4,"control","Montipora capitata x Symbiodinium spp.","0","ambient_control"
"7",322,991,0.675,"A3.2L","ambient",3,"low","Montipora capitata x Symbiodinium spp.","0","ambient_low"
"8",285,749,0.619,"A8.2C","ambient",8,"control","Montipora capitata x Symbiodinium spp.","0","ambient_control"
"9",314,879,0.643,"A9.2L","ambient",9,"low","Montipora capitata x Symbiodinium spp.","0","ambient_low"
"10",205,630,0.675,"A5.2C","ambient",5,"control","Montipora capitata x Symbiodinium spp.","0","ambient_control"
"11",169,549,0.692,"A4.2H","ambient",4,"high","Montipora capitata x Symbiodinium spp.","0","ambient_high"
"12",306,903,0.661,"A4.2L","ambient",4,"low","Montipora capitata x Symbiodinium spp.","0","ambient_low"
"13",245,788,0.689,"A6.2L","ambient",6,"low","Montipora capitata x Symbiodinium spp.","0","ambient_low"
"14",334,999,0.666,"A5.2L","ambient",5,"low","Montipora capitata x Symbiodinium spp.","0","ambient_low"
"15",363,899,0.596,"A2.2C","ambient",2,"control","Montipora capitata x Symbiodinium spp.","0","ambient_control"
"16",403,1150,0.65,"A2.2L","ambient",2,"low","Montipora capitata x Symbiodinium spp.","0","ambient_low"
"17",288,871,0.669,"A5.2H","ambient",5,"high","Montipora capitata x Symbiodinium spp.","0","ambient_high"
"18",260,772,0.663,"A1.2L","ambient",1,"low","Montipora capitata x Symbiodinium spp.","0","ambient_low"
"19",376,1092,0.656,"A8.2L","ambient",8,"low","Montipora capitata x Symbiodinium spp.","0","ambient_low"
"20",195,592,0.671,"A6.2C","ambient",6,"control","Montipora capitata x Symbiodinium spp.","0","ambient_control"
"21",285,808,0.647,"A6.2H","ambient",6,"high","Montipora capitata x Symbiodinium spp.","0","ambient_high"
"22",196,612,0.68,"A7.2H","ambient",7,"high","Montipora capitata x Symbiodinium spp.","0","ambient_high"
"23",317,940,0.663,"A1.2C","ambient",1,"control","Montipora capitata x Symbiodinium spp.","0","ambient_control"
"24",250,698,0.642,"A3.2C","ambient",3,"control","Montipora capitata x Symbiodinium spp.","0","ambient_control"
"25",300,874,0.657,"A10.2L","ambient",10,"low","Montipora capitata x Symbiodinium spp.","0","ambient_low"
"26",226,687,0.671,"A9.2H","ambient",9,"high","Montipora capitata x Symbiodinium spp.","0","ambient_high"
"27",295,757,0.61,"A1.2H","ambient",1,"high","Montipora capitata x Symbiodinium spp.","0","ambient_high"
"28",421,1213,0.653,"A10.2H","ambient",10,"high","Montipora capitata x Symbiodinium spp.","0","ambient_high"
"29",265,798,0.668,"A2.2H","ambient",2,"high","Montipora capitata x Symbiodinium spp.","0","ambient_high"
"30",489,1406,0.652,"A10.2C","ambient",10,"control","Montipora capitata x Symbiodinium spp.","0","ambient_control"
"31",250,803,0.689,"H8.2C","hot",8,"control","Montipora capitata x Symbiodinium spp.","0","hot_control"
"32",232,672,0.655,"H5.2H","hot",5,"high","Montipora capitata x Symbiodinium spp.","0","hot_high"
"33",167,461,0.638,"H8.2L","hot",8,"low","Montipora capitata x Symbiodinium spp.","0","hot_low"
"34",304,815,0.627,"H9.2L","hot",9,"low","Montipora capitata x Symbiodinium spp.","0","hot_low"
"35",212,589,0.64,"H2.2C","hot",2,"control","Montipora capitata x Symbiodinium spp.","0","hot_control"
"36",255,750,0.66,"H5.2C","hot",5,"control","Montipora capitata x Symbiodinium spp.","0","hot_control"
"37",189,521,0.637,"H6.2H","hot",6,"high","Montipora capitata x Symbiodinium spp.","0","hot_high"
"38",119,385,0.691,"H2.2H","hot",2,"high","Montipora capitata x Symbiodinium spp.","0","hot_high"
"39",260,735,0.646,"H6.2C","hot",6,"control","Montipora capitata x Symbiodinium spp.","0","hot_control"
"40",199,542,0.633,"H1.2C","hot",1,"control","Montipora capitata x Symbiodinium spp.","0","hot_control"
"41",282,818,0.655,"H9.2H","hot",9,"high","Montipora capitata x Symbiodinium spp.","0","hot_high"
"42",158,508,0.689,"H1.2H","hot",1,"high","Montipora capitata x Symbiodinium spp.","0","hot_high"
"43",282,768,0.633,"H1.2L","hot",1,"low","Montipora capitata x Symbiodinium spp.","0","hot_low"
"44",234,717,0.674,"H6.2L","hot",6,"low","Montipora capitata x Symbiodinium spp.","0","hot_low"
"45",403,1149,0.649,"H3.2H","hot",3,"high","Montipora capitata x Symbiodinium spp.","0","hot_high"
"46",455,1225,0.629,"H10.2H","hot",10,"high","Montipora capitata x Symbiodinium spp.","0","hot_high"
"47",126,296,0.574,"H8.2H","hot",8,"high","Montipora capitata x Symbiodinium spp.","0","hot_high"
"48",264,730,0.638,"H5.2L","hot",5,"low","Montipora capitata x Symbiodinium spp.","0","hot_low"
"49",242,689,0.649,"H2.2L","hot",2,"low","Montipora capitata x Symbiodinium spp.","0","hot_low"
"50",419,1161,0.639,"H10.2L","hot",10,"low","Montipora capitata x Symbiodinium spp.","0","hot_low"
"51",345,1046,0.67,"H4.2H","hot",4,"high","Montipora capitata x Symbiodinium spp.","0","hot_high"
"52",354,952,0.628,"H7.2H","hot",7,"high","Montipora capitata x Symbiodinium spp.","0","hot_high"
"53",420,1172,0.642,"H3.2C","hot",3,"control","Montipora capitata x Symbiodinium spp.","0","hot_control"
"54",251,750,0.665,"H4.2L","hot",4,"low","Montipora capitata x Symbiodinium spp.","0","hot_low"
"55",181,470,0.615,"H7.2L","hot",7,"low","Montipora capitata x Symbiodinium spp.","0","hot_low"
"56",396,1058,0.626,"H3.2L","hot",3,"low","Montipora capitata x Symbiodinium spp.","0","hot_low"
"57",418,1227,0.659,"H4.2C","hot",4,"control","Montipora capitata x Symbiodinium spp.","0","hot_control"
"58",211,557,0.621,"H10.2C","hot",10,"control","Montipora capitata x Symbiodinium spp.","0","hot_control"
"59",133,375,0.645,"H9.2C","hot",9,"control","Montipora capitata x Symbiodinium spp.","0","hot_control"
"60",136,412,0.67,"H7.2C","hot",7,"control","Montipora capitata x Symbiodinium spp.","0","hot_control"
"61",422,1269,0.667,"H3.2H","hot",3,"high","Montipora capitata x Symbiodinium spp.","1","hot_high"
"62",372,1050,0.646,"H9.2H","hot",9,"high","Montipora capitata x Symbiodinium spp.","1","hot_high"
"63",337,1064,0.683,"H5.2H","hot",5,"high","Montipora capitata x Symbiodinium spp.","1","hot_high"
"64",394,1142,0.655,"H6.2H","hot",6,"high","Montipora capitata x Symbiodinium spp.","1","hot_high"
"65",887,2612,0.66,"H2.2H","hot",2,"high","Montipora capitata x Symbiodinium spp.","1","hot_high"
"66",729,2097,0.652,"A8.2L","ambient",8,"low","Montipora capitata x Symbiodinium spp.","1","ambient_low"
"67",569,1747,0.674,"A1.2L","ambient",1,"low","Montipora capitata x Symbiodinium spp.","1","ambient_low"
"68",892,2887,0.691,"A7.2L","ambient",7,"low","Montipora capitata x Symbiodinium spp.","1","ambient_low"
"69",346,1018,0.66,"A5.2L","ambient",5,"low","Montipora capitata x Symbiodinium spp.","1","ambient_low"
"70",729,2248,0.676,"A2.2L","ambient",2,"low","Montipora capitata x Symbiodinium spp.","1","ambient_low"
"71",347,1032,0.664,"H4.2C","hot",4,"control","Montipora capitata x Symbiodinium spp.","1","hot_control"
"72",643,1928,0.666,"H7.2C","hot",7,"control","Montipora capitata x Symbiodinium spp.","1","hot_control"
"73",537,1512,0.645,"H9.2C","hot",9,"control","Montipora capitata x Symbiodinium spp.","1","hot_control"
"74",598,1827,0.673,"H5.2C","hot",5,"control","Montipora capitata x Symbiodinium spp.","1","hot_control"
"75",695,2049,0.661,"H6.2C","hot",6,"control","Montipora capitata x Symbiodinium spp.","1","hot_control"
"76",485,1443,0.664,"A7.2C","ambient",7,"control","Montipora capitata x Symbiodinium spp.","1","ambient_control"
"77",919,2683,0.657,"A1.2C","ambient",1,"control","Montipora capitata x Symbiodinium spp.","1","ambient_control"
"78",787,2324,0.661,"A2.2C","ambient",2,"control","Montipora capitata x Symbiodinium spp.","1","ambient_control"
"79",683,2087,0.673,"A10.2C","ambient",10,"control","Montipora capitata x Symbiodinium spp.","1","ambient_control"
"80",718,2084,0.655,"A9.2C","ambient",9,"control","Montipora capitata x Symbiodinium spp.","1","ambient_control"
"81",194,586,0.669,"A4.2H","ambient",4,"high","Montipora capitata x Symbiodinium spp.","1","ambient_high"
"82",498,1538,0.676,"A5.2H","ambient",5,"high","Montipora capitata x Symbiodinium spp.","1","ambient_high"
"83",765,2262,0.662,"A2.2H","ambient",2,"high","Montipora capitata x Symbiodinium spp.","1","ambient_high"
"84",245,727,0.663,"A8.2H","ambient",8,"high","Montipora capitata x Symbiodinium spp.","1","ambient_high"
"85",600,1639,0.634,"A1.2H","ambient",1,"high","Montipora capitata x Symbiodinium spp.","1","ambient_high"
"86",515,1514,0.66,"H4.2L","hot",4,"low","Montipora capitata x Symbiodinium spp.","1","hot_low"
"87",498,1544,0.677,"H1.2L","hot",1,"low","Montipora capitata x Symbiodinium spp.","1","hot_low"
"88",498,1492,0.666,"H6.2L","hot",6,"low","Montipora capitata x Symbiodinium spp.","1","hot_low"
"89",557,1632,0.659,"H10.2L","hot",10,"low","Montipora capitata x Symbiodinium spp.","1","hot_low"
"90",365,1119,0.674,"H7.2L","hot",7,"low","Montipora capitata x Symbiodinium spp.","1","hot_low"
"91",471,1461,0.678,"A5.2C","ambient",5,"control","Montipora capitata x Symbiodinium spp.","1","ambient_control"
"92",356,1075,0.669,"A3.2C","ambient",3,"control","Montipora capitata x Symbiodinium spp.","1","ambient_control"
"93",671,2065,0.675,"A6.2C","ambient",6,"control","Montipora capitata x Symbiodinium spp.","1","ambient_control"
"94",375,1072,0.65,"A8.2C","ambient",8,"control","Montipora capitata x Symbiodinium spp.","1","ambient_control"
"95",323,936,0.655,"A4.2C","ambient",4,"control","Montipora capitata x Symbiodinium spp.","1","ambient_control"
"96",565,1668,0.661,"H10.2H","hot",10,"high","Montipora capitata x Symbiodinium spp.","1","hot_high"
"97",616,1977,0.688,"H4.2H","hot",4,"high","Montipora capitata x Symbiodinium spp.","1","hot_high"
"98",351,1038,0.662,"H8.2H","hot",8,"high","Montipora capitata x Symbiodinium spp.","1","hot_high"
"99",504,1576,0.68,"H1.2H","hot",1,"high","Montipora capitata x Symbiodinium spp.","1","hot_high"
"100",779,2322,0.665,"H7.2H","hot",7,"high","Montipora capitata x Symbiodinium spp.","1","hot_high"
"101",595,1789,0.667,"A7.2H","ambient",7,"high","Montipora capitata x Symbiodinium spp.","1","ambient_high"
"102",865,2492,0.653,"A10.2H","ambient",10,"high","Montipora capitata x Symbiodinium spp.","1","ambient_high"
"103",1026,2856,0.641,"A3.2H","ambient",3,"high","Montipora capitata x Symbiodinium spp.","1","ambient_high"
"104",718,2065,0.652,"A9.2H","ambient",9,"high","Montipora capitata x Symbiodinium spp.","1","ambient_high"
"105",624,1777,0.649,"A6.2H","ambient",6,"high","Montipora capitata x Symbiodinium spp.","1","ambient_high"
"106",834,2316,0.64,"H10.2C","hot",10,"control","Montipora capitata x Symbiodinium spp.","1","hot_control"
"107",694,2162,0.679,"H8.2C","hot",8,"control","Montipora capitata x Symbiodinium spp.","1","hot_control"
"108",366,1088,0.664,"H1.2C","hot",1,"control","Montipora capitata x Symbiodinium spp.","1","hot_control"
"109",773,2325,0.668,"H3.2C","hot",3,"control","Montipora capitata x Symbiodinium spp.","1","hot_control"
"110",379,1123,0.663,"H2.2C","hot",2,"control","Montipora capitata x Symbiodinium spp.","1","hot_control"
"111",773,2115,0.635,"A10.2L","ambient",10,"low","Montipora capitata x Symbiodinium spp.","1","ambient_low"
"112",253,675,0.625,"A9.2L","ambient",9,"low","Montipora capitata x Symbiodinium spp.","1","ambient_low"
"113",936,2537,0.631,"A3.2L","ambient",3,"low","Montipora capitata x Symbiodinium spp.","1","ambient_low"
"114",436,1269,0.656,"A6.2L","ambient",6,"low","Montipora capitata x Symbiodinium spp.","1","ambient_low"
"115",447,1224,0.635,"A4.2L","ambient",4,"low","Montipora capitata x Symbiodinium spp.","1","ambient_low"
"116",554,1587,0.651,"H5.2L","hot",5,"low","Montipora capitata x Symbiodinium spp.","1","hot_low"
"117",677,1951,0.653,"H2.2L","hot",2,"low","Montipora capitata x Symbiodinium spp.","1","hot_low"
"118",658,1985,0.669,"H8.2L","hot",8,"low","Montipora capitata x Symbiodinium spp.","1","hot_low"
"119",570,1536,0.629,"H3.2L","hot",3,"low","Montipora capitata x Symbiodinium spp.","1","hot_low"
"120",759,2133,0.644,"H9.2L","hot",9,"low","Montipora capitata x Symbiodinium spp.","1","hot_low"
"121",304,915,0.668,"H1.2C","hot",1,"control","Montipora capitata x Symbiodinium spp.","2","hot_control"
"122",828,2182,0.621,"H10.2C","hot",10,"control","Montipora capitata x Symbiodinium spp.","2","hot_control"
"123",520,1630,0.681,"H2.2C","hot",2,"control","Montipora capitata x Symbiodinium spp.","2","hot_control"
"124",858,2441,0.649,"H3.2C","hot",3,"control","Montipora capitata x Symbiodinium spp.","2","hot_control"
"125",847,2276,0.628,"H8.2C","hot",8,"control","Montipora capitata x Symbiodinium spp.","2","hot_control"
"126",336,1029,0.673,"H5.2H","hot",5,"high","Montipora capitata x Symbiodinium spp.","2","hot_high"
"127",563,1664,0.662,"H6.2H","hot",6,"high","Montipora capitata x Symbiodinium spp.","2","hot_high"
"128",641,1816,0.647,"H2.2H","hot",2,"high","Montipora capitata x Symbiodinium spp.","2","hot_high"
"129",761,1974,0.614,"H9.2H","hot",9,"high","Montipora capitata x Symbiodinium spp.","2","hot_high"
"130",803,2269,0.646,"H3.2H","hot",3,"high","Montipora capitata x Symbiodinium spp.","2","hot_high"
"131",591,1804,0.672,"H4.2L","hot",4,"low","Montipora capitata x Symbiodinium spp.","2","hot_low"
"132",573,1577,0.637,"H6.2L","hot",6,"low","Montipora capitata x Symbiodinium spp.","2","hot_low"
"133",497,1416,0.649,"H10.2L","hot",10,"low","Montipora capitata x Symbiodinium spp.","2","hot_low"
"134",417,1253,0.667,"H1.2L","hot",1,"low","Montipora capitata x Symbiodinium spp.","2","hot_low"
"135",183,491,0.627,"H7.2L","hot",7,"low","Montipora capitata x Symbiodinium spp.","2","hot_low"
"136",822,2354,0.651,"A9.2C","ambient",9,"control","Montipora capitata x Symbiodinium spp.","2","ambient_control"
"137",490,1468,0.666,"A10.2C","ambient",10,"control","Montipora capitata x Symbiodinium spp.","2","ambient_control"
"138",747,2128,0.649,"A2.2C","ambient",2,"control","Montipora capitata x Symbiodinium spp.","2","ambient_control"
"139",461,1369,0.663,"A7.2C","ambient",7,"control","Montipora capitata x Symbiodinium spp.","2","ambient_control"
"140",750,2238,0.665,"A1.2C","ambient",1,"control","Montipora capitata x Symbiodinium spp.","2","ambient_control"
"141",879,2352,0.626,"A3.2L","ambient",3,"low","Montipora capitata x Symbiodinium spp.","2","ambient_low"
"142",850,2203,0.614,"A9.2L","ambient",9,"low","Montipora capitata x Symbiodinium spp.","2","ambient_low"
"143",696,1822,0.618,"A6.2L","ambient",6,"low","Montipora capitata x Symbiodinium spp.","2","ambient_low"
"144",472,1315,0.641,"A4.2L","ambient",4,"low","Montipora capitata x Symbiodinium spp.","2","ambient_low"
"145",240,694,0.654,"A10.2L","ambient",10,"low","Montipora capitata x Symbiodinium spp.","2","ambient_low"
"146",261,727,0.641,"A8.2H","ambient",8,"high","Montipora capitata x Symbiodinium spp.","2","ambient_high"
"147",292,897,0.674,"A5.2H","ambient",5,"high","Montipora capitata x Symbiodinium spp.","2","ambient_high"
"148",692,2080,0.667,"A4.2H","ambient",4,"high","Montipora capitata x Symbiodinium spp.","2","ambient_high"
"149",930,2536,0.633,"A1.2H","ambient",1,"high","Montipora capitata x Symbiodinium spp.","2","ambient_high"
"150",712,2099,0.661,"A2.2H","ambient",2,"high","Montipora capitata x Symbiodinium spp.","2","ambient_high"
"151",537,1426,0.623,"H7.2C","hot",7,"control","Montipora capitata x Symbiodinium spp.","2","hot_control"
"152",322,926,0.652,"H6.2C","hot",6,"control","Montipora capitata x Symbiodinium spp.","2","hot_control"
"153",493,1303,0.622,"H9.2C","hot",9,"control","Montipora capitata x Symbiodinium spp.","2","hot_control"
"154",620,1794,0.654,"H4.2C","hot",4,"control","Montipora capitata x Symbiodinium spp.","2","hot_control"
"155",462,1351,0.658,"H5.2C","hot",5,"control","Montipora capitata x Symbiodinium spp.","2","hot_control"
"156",538,1424,0.622,"H8.2H","hot",8,"high","Montipora capitata x Symbiodinium spp.","2","hot_high"
"157",895,2190,0.591,"H10.2H","hot",10,"high","Montipora capitata x Symbiodinium spp.","2","hot_high"
"158",359,1004,0.642,"H4.2H","hot",4,"high","Montipora capitata x Symbiodinium spp.","2","hot_high"
"159",440,2084,0.789,"H1.2H","hot",1,"high","Montipora capitata x Symbiodinium spp.","2","hot_high"
"160",368,1013,0.637,"H7.2H","hot",7,"high","Montipora capitata x Symbiodinium spp.","2","hot_high"
"161",269,790,0.659,"H9.2L","hot",9,"low","Montipora capitata x Symbiodinium spp.","2","hot_low"
"162",608,1648,0.631,"H2.2L","hot",2,"low","Montipora capitata x Symbiodinium spp.","2","hot_low"
"163",477,1390,0.657,"H5.2L","hot",5,"low","Montipora capitata x Symbiodinium spp.","2","hot_low"
"164",623,1753,0.645,"H3.2L","hot",3,"low","Montipora capitata x Symbiodinium spp.","2","hot_low"
"165",411,1210,0.66,"H8.2L","hot",8,"low","Montipora capitata x Symbiodinium spp.","2","hot_low"
"166",327,875,0.626,"A5.2L","ambient",5,"low","Montipora capitata x Symbiodinium spp.","2","ambient_low"
"167",265,759,0.651,"A7.2L","ambient",7,"low","Montipora capitata x Symbiodinium spp.","2","ambient_low"
"168",504,1399,0.64,"A2.2L","ambient",2,"low","Montipora capitata x Symbiodinium spp.","2","ambient_low"
"169",353,1006,0.649,"A1.2L","ambient",1,"low","Montipora capitata x Symbiodinium spp.","2","ambient_low"
"170",650,1845,0.648,"A8.2L","ambient",8,"low","Montipora capitata x Symbiodinium spp.","2","ambient_low"
"171",541,1433,0.622,"A6.2H","ambient",6,"high","Montipora capitata x Symbiodinium spp.","2","ambient_high"
"172",706,1566,0.549,"A3.2H","ambient",3,"high","Montipora capitata x Symbiodinium spp.","2","ambient_high"
"173",258,734,0.649,"A9.2H","ambient",9,"high","Montipora capitata x Symbiodinium spp.","2","ambient_high"
"174",232,695,0.666,"A7.2H","ambient",7,"high","Montipora capitata x Symbiodinium spp.","2","ambient_high"
"175",1017,2883,0.647,"A10.2H","ambient",10,"high","Montipora capitata x Symbiodinium spp.","2","ambient_high"
"176",326,957,0.659,"A5.2C","ambient",5,"control","Montipora capitata x Symbiodinium spp.","2","ambient_control"
"177",68,279,0.756,"A8.2C","ambient",8,"control","Montipora capitata x Symbiodinium spp.","2","ambient_control"
"178",367,939,0.609,"A6.2C","ambient",6,"control","Montipora capitata x Symbiodinium spp.","2","ambient_control"
"179",678,1814,0.626,"A4.2C","ambient",4,"control","Montipora capitata x Symbiodinium spp.","2","ambient_control"
"180",410,1149,0.643,"A3.2C","ambient",3,"control","Montipora capitata x Symbiodinium spp.","2","ambient_control"
"181",667,1947,0.657,"A7.2C","ambient",7,"control","Montipora capitata x Symbiodinium spp.","3","ambient_control"
"182",765,2124,0.64,"A10.2C","ambient",10,"control","Montipora capitata x Symbiodinium spp.","3","ambient_control"
"183",417,1235,0.662,"A2.2C","ambient",2,"control","Montipora capitata x Symbiodinium spp.","3","ambient_control"
"184",483,1261,0.617,"A9.2C","ambient",9,"control","Montipora capitata x Symbiodinium spp.","3","ambient_control"
"185",588,1549,0.62,"A1.2C","ambient",1,"control","Montipora capitata x Symbiodinium spp.","3","ambient_control"
"186",329,979,0.664,"A3.2L","ambient",3,"low","Montipora capitata x Symbiodinium spp.","3","ambient_low"
"187",141,473,0.702,"A9.2L","ambient",9,"low","Montipora capitata x Symbiodinium spp.","3","ambient_low"
"188",204,502,0.594,"A10.2L","ambient",10,"low","Montipora capitata x Symbiodinium spp.","3","ambient_low"
"189",528,1506,0.649,"A4.2L","ambient",4,"low","Montipora capitata x Symbiodinium spp.","3","ambient_low"
"190",297,804,0.631,"A6.2L","ambient",6,"low","Montipora capitata x Symbiodinium spp.","3","ambient_low"
"191",1070,2981,0.641,"A1.2H","ambient",1,"high","Montipora capitata x Symbiodinium spp.","3","ambient_high"
"192",633,1832,0.654,"A5.2H","ambient",5,"high","Montipora capitata x Symbiodinium spp.","3","ambient_high"
"193",467,1381,0.662,"A8.2H","ambient",8,"high","Montipora capitata x Symbiodinium spp.","3","ambient_high"
"194",909,2714,0.665,"A4.2H","ambient",4,"high","Montipora capitata x Symbiodinium spp.","3","ambient_high"
"195",228,713,0.68,"A2.2H","ambient",2,"high","Montipora capitata x Symbiodinium spp.","3","ambient_high"
"196",251,656,0.617,"H10.2L","hot",10,"low","Montipora capitata x Symbiodinium spp.","3","hot_low"
"197",210,626,0.665,"H6.2L","hot",6,"low","Montipora capitata x Symbiodinium spp.","3","hot_low"
"198",533,1551,0.656,"H4.2L","hot",4,"low","Montipora capitata x Symbiodinium spp.","3","hot_low"
"199",367,1100,0.666,"H1.2L","hot",1,"low","Montipora capitata x Symbiodinium spp.","3","hot_low"
"200",276,883,0.687,"H7.2L","hot",7,"low","Montipora capitata x Symbiodinium spp.","3","hot_low"
"201",370,1091,0.661,"H5.2H","hot",5,"high","Montipora capitata x Symbiodinium spp.","3","hot_high"
"202",258,768,0.664,"H6.2H","hot",6,"high","Montipora capitata x Symbiodinium spp.","3","hot_high"
"203",854,2229,0.617,"H9.2H","hot",9,"high","Montipora capitata x Symbiodinium spp.","3","hot_high"
"204",404,1112,0.637,"H3.2H","hot",3,"high","Montipora capitata x Symbiodinium spp.","3","hot_high"
"205",636,1790,0.645,"H2.2H","hot",2,"high","Montipora capitata x Symbiodinium spp.","3","hot_high"
"206",471,1377,0.658,"H8.2C","hot",8,"control","Montipora capitata x Symbiodinium spp.","3","hot_control"
"207",291,973,0.701,"H10.2C","hot",10,"control","Montipora capitata x Symbiodinium spp.","3","hot_control"
"208",463,1300,0.644,"H3.2C","hot",3,"control","Montipora capitata x Symbiodinium spp.","3","hot_control"
"209",310,905,0.657,"H1.2C","hot",1,"control","Montipora capitata x Symbiodinium spp.","3","hot_control"
"210",515,1479,0.652,"H2.2C","hot",2,"control","Montipora capitata x Symbiodinium spp.","3","hot_control"
"211",633,1703,0.628,"A8.2C","ambient",8,"control","Montipora capitata x Symbiodinium spp.","3","ambient_control"
"212",418,1188,0.648,"A4.2C","ambient",4,"control","Montipora capitata x Symbiodinium spp.","3","ambient_control"
"213",401,1121,0.642,"A5.2C","ambient",5,"control","Montipora capitata x Symbiodinium spp.","3","ambient_control"
"214",149,432,0.655,"A3.2C","ambient",3,"control","Montipora capitata x Symbiodinium spp.","3","ambient_control"
"215",386,994,0.612,"A6.2C","ambient",6,"control","Montipora capitata x Symbiodinium spp.","3","ambient_control"
"216",853,2330,0.634,"A6.2H","ambient",6,"high","Montipora capitata x Symbiodinium spp.","3","ambient_high"
"217",676,1886,0.642,"A10.2H","ambient",10,"high","Montipora capitata x Symbiodinium spp.","3","ambient_high"
"218",254,762,0.667,"A7.2H","ambient",7,"high","Montipora capitata x Symbiodinium spp.","3","ambient_high"
"219",395,1635,0.758,"A9.2H","ambient",9,"high","Montipora capitata x Symbiodinium spp.","3","ambient_high"
"220",687,2043,0.664,"A3.2H","ambient",3,"high","Montipora capitata x Symbiodinium spp.","3","ambient_high"
"221",226,688,0.672,"A7.2L","ambient",7,"low","Montipora capitata x Symbiodinium spp.","3","ambient_low"
"222",475,1480,0.679,"A2.2L","ambient",2,"low","Montipora capitata x Symbiodinium spp.","3","ambient_low"
"223",369,1123,0.671,"A5.2L","ambient",5,"low","Montipora capitata x Symbiodinium spp.","3","ambient_low"
"224",267,834,0.68,"A1.2L","ambient",1,"low","Montipora capitata x Symbiodinium spp.","3","ambient_low"
"225",882,2417,0.635,"A8.2L","ambient",8,"low","Montipora capitata x Symbiodinium spp.","3","ambient_low"
"226",1111,2932,0.621,"H3.2L","hot",3,"low","Montipora capitata x Symbiodinium spp.","3","hot_low"
"227",724,1976,0.634,"H9.2L","hot",9,"low","Montipora capitata x Symbiodinium spp.","3","hot_low"
"228",475,1370,0.653,"H5.2L","hot",5,"low","Montipora capitata x Symbiodinium spp.","3","hot_low"
"229",753,2087,0.639,"H2.2L","hot",2,"low","Montipora capitata x Symbiodinium spp.","3","hot_low"
"230",449,1278,0.649,"H8.2L","hot",8,"low","Montipora capitata x Symbiodinium spp.","3","hot_low"
"231",397,1164,0.659,"H1.2H","hot",1,"high","Montipora capitata x Symbiodinium spp.","3","hot_high"
"232",947,2500,0.621,"H10.2H","hot",10,"high","Montipora capitata x Symbiodinium spp.","3","hot_high"
"233",155,486,0.681,"H4.2H","hot",4,"high","Montipora capitata x Symbiodinium spp.","3","hot_high"
"234",584,1501,0.611,"H8.2H","hot",8,"high","Montipora capitata x Symbiodinium spp.","3","hot_high"
"235",558,1732,0.678,"H7.2H","hot",7,"high","Montipora capitata x Symbiodinium spp.","3","hot_high"
"236",446,1161,0.616,"H6.2C","hot",6,"control","Montipora capitata x Symbiodinium spp.","3","hot_control"
"237",389,1215,0.68,"H7.2","hot",7,"control","Montipora capitata x Symbiodinium spp.","3","hot_control"
"238",483,1443,0.665,"H4.2C","hot",4,"control","Montipora capitata x Symbiodinium spp.","3","hot_control"
"239",360,1092,0.67,"H5.2C","hot",5,"control","Montipora capitata x Symbiodinium spp.","3","hot_control"
"240",245,755,0.675,"H9.2C","hot",9,"control","Montipora capitata x Symbiodinium spp.","3","hot_control"
"241",196,549,0.643,"A8.2H","ambient",8,"high","Montipora capitata x Symbiodinium spp.","4","ambient_high"
"242",116,352,0.67,"A1.2H","ambient",1,"high","Montipora capitata x Symbiodinium spp.","4","ambient_high"
"243",128,371,0.655,"A2.2H","ambient",2,"high","Montipora capitata x Symbiodinium spp.","4","ambient_high"
"244",70,218,0.679,"A4.2H","ambient",4,"high","Montipora capitata x Symbiodinium spp.","4","ambient_high"
"245",115,344,0.666,"A5.2H","ambient",5,"high","Montipora capitata x Symbiodinium spp.","4","ambient_high"
"246",116,387,0.7,"A10.2L","ambient",10,"low","Montipora capitata x Symbiodinium spp.","4","ambient_low"
"247",84,307,0.726,"A3.2L","ambient",3,"low","Montipora capitata x Symbiodinium spp.","4","ambient_low"
"248",91,249,0.635,"A9.2L","ambient",9,"low","Montipora capitata x Symbiodinium spp.","4","ambient_low"
"249",117,353,0.669,"A4.2L","ambient",4,"low","Montipora capitata x Symbiodinium spp.","4","ambient_low"
"250",69,218,0.683,"A6.2L","ambient",6,"low","Montipora capitata x Symbiodinium spp.","4","ambient_low"
"251",177,517,0.658,"A10.2C","ambient",10,"control","Montipora capitata x Symbiodinium spp.","4","ambient_control"
"252",61,211,0.711,"A9.2C","ambient",9,"control","Montipora capitata x Symbiodinium spp.","4","ambient_control"
"253",127,407,0.688,"A1.2C","ambient",1,"control","Montipora capitata x Symbiodinium spp.","4","ambient_control"
"254",74,248,0.702,"A2.2C","ambient",2,"control","Montipora capitata x Symbiodinium spp.","4","ambient_control"
"255",103,320,0.678,"A7.2C","ambient",7,"control","Montipora capitata x Symbiodinium spp.","4","ambient_control"
"256",91,269,0.662,"H10.2C","hot",10,"control","Montipora capitata x Symbiodinium spp.","4","hot_control"
"257",79,267,0.704,"H1.2C","hot",1,"control","Montipora capitata x Symbiodinium spp.","4","hot_control"
"258",273,767,0.644,"H8.2C","hot",8,"control","Montipora capitata x Symbiodinium spp.","4","hot_control"
"259",120,360,0.667,"H3.2C","hot",3,"control","Montipora capitata x Symbiodinium spp.","4","hot_control"
"260",106,254,0.583,"H2.2C","hot",2,"control","Montipora capitata x Symbiodinium spp.","4","hot_control"
"261",78,241,0.676,"H6.2H","hot",6,"high","Montipora capitata x Symbiodinium spp.","4","hot_high"
"262",189,560,0.663,"H3.2H","hot",3,"high","Montipora capitata x Symbiodinium spp.","4","hot_high"
"263",275,763,0.64,"H2.2H","hot",2,"high","Montipora capitata x Symbiodinium spp.","4","hot_high"
"264",186,537,0.654,"H9.2H","hot",9,"high","Montipora capitata x Symbiodinium spp.","4","hot_high"
"265",174,531,0.672,"H5.2H","hot",5,"high","Montipora capitata x Symbiodinium spp.","4","hot_high"
"266",72,213,0.662,"H6.2L","hot",6,"low","Montipora capitata x Symbiodinium spp.","4","hot_low"
"267",136,430,0.684,"H4.2L","hot",4,"low","Montipora capitata x Symbiodinium spp.","4","hot_low"
"268",101,316,0.68,"H1.2L","hot",1,"low","Montipora capitata x Symbiodinium spp.","4","hot_low"
"269",108,331,0.674,"H10.2L","hot",10,"low","Montipora capitata x Symbiodinium spp.","4","hot_low"
"270",101,324,0.688,"H7.2L","hot",7,"low","Montipora capitata x Symbiodinium spp.","4","hot_low"
"271",108,291,0.629,"A8.2C","ambient",8,"control","Montipora capitata x Symbiodinium spp.","4","ambient_control"
"272",142,369,0.615,"A4.2C","ambient",4,"control","Montipora capitata x Symbiodinium spp.","4","ambient_control"
"273",103,289,0.644,"A5.2C","ambient",5,"control","Montipora capitata x Symbiodinium spp.","4","ambient_control"
"274",100,245,0.592,"A6.2C","ambient",6,"control","Montipora capitata x Symbiodinium spp.","4","ambient_control"
"275",201,539,0.627,"A3.2C","ambient",3,"control","Montipora capitata x Symbiodinium spp.","4","ambient_control"
"276",123,358,0.656,"A10.2H","ambient",10,"high","Montipora capitata x Symbiodinium spp.","4","ambient_high"
"277",106,331,0.68,"A7.2H","ambient",7,"high","Montipora capitata x Symbiodinium spp.","4","ambient_high"
"278",242,755,0.679,"A3.2H","ambient",3,"high","Montipora capitata x Symbiodinium spp.","4","ambient_high"
"279",113,352,0.679,"A9.2H","ambient",9,"high","Montipora capitata x Symbiodinium spp.","4","ambient_high"
"280",144,431,0.666,"A6.2H","ambient",6,"high","Montipora capitata x Symbiodinium spp.","4","ambient_high"
"281",96,306,0.686,"A2.2L","ambient",2,"low","Montipora capitata x Symbiodinium spp.","4","ambient_low"
"282",133,414,0.679,"A5.2L","ambient",5,"low","Montipora capitata x Symbiodinium spp.","4","ambient_low"
"283",110,337,0.674,"A1.2L","ambient",1,"low","Montipora capitata x Symbiodinium spp.","4","ambient_low"
"284",110,311,0.646,"A8.2L","ambient",8,"low","Montipora capitata x Symbiodinium spp.","4","ambient_low"
"285",83,241,0.656,"A7.2L","ambient",7,"low","Montipora capitata x Symbiodinium spp.","4","ambient_low"
"286",94,297,0.684,"H3.2L","hot",3,"low","Montipora capitata x Symbiodinium spp.","4","hot_low"
"287",68,205,0.668,"H2.2L","hot",2,"low","Montipora capitata x Symbiodinium spp.","4","hot_low"
"288",107,339,0.684,"H8.2L","hot",8,"low","Montipora capitata x Symbiodinium spp.","4","hot_low"
"289",106,296,0.642,"H9.2L","hot",9,"low","Montipora capitata x Symbiodinium spp.","4","hot_low"
"290",233,696,0.665,"H5.2L","hot",5,"low","Montipora capitata x Symbiodinium spp.","4","hot_low"
"291",24,87,0.724,"H4.2H","hot",4,"high","Montipora capitata x Symbiodinium spp.","4","hot_high"
"292",227,663,0.658,"H10.2H","hot",10,"high","Montipora capitata x Symbiodinium spp.","4","hot_high"
"293",437,1213,0.64,"H8.2H","hot",8,"high","Montipora capitata x Symbiodinium spp.","4","hot_high"
"294",248,741,0.665,"H7.2H","hot",7,"high","Montipora capitata x Symbiodinium spp.","4","hot_high"
"295",283,817,0.654,"H1.2H","hot",1,"high","Montipora capitata x Symbiodinium spp.","4","hot_high"
"296",229,692,0.669,"H7.2C","hot",7,"control","Montipora capitata x Symbiodinium spp.","4","hot_control"
"297",189,538,0.649,"H6.2C","hot",6,"control","Montipora capitata x Symbiodinium spp.","4","hot_control"
"298",174,553,0.685,"H4.2C","hot",4,"control","Montipora capitata x Symbiodinium spp.","4","hot_control"
"299",77,222,0.653,"H9.2C","hot",9,"control","Montipora capitata x Symbiodinium spp.","4","hot_control"
"300",112,343,0.673,"H5.2C","hot",5,"control","Montipora capitata x Symbiodinium spp.","4","hot_control"
